id,name,county,min,mi,snap_m,pin,error
rce,Rancho Cinco Estrella,Real,297.8,268.6,442,exact,
bass,Bass & Hays Ranch,Real,329.6,286.1,155,exact,
fran,Frances Creek Ranch,Real,335.4,304.1,17,exact,
exh,Exotic Hills Ranch,Real,338.0,291.8,396,approx,
cbe,Canyon Breeze Estate,Real,317.2,281.4,252,exact,
bull,Bullhead Creek Ranch,Real,356.9,311.4,58,approx,
cve,Camp Verde Escape,Bandera,262.0,238.4,260,approx,
wrr,West River Ranch,Bandera,262.2,235.7,734,approx,
mof,Moffett Ridge Ranch,Bandera,257.3,233.0,61,approx,
vmr,Vista Madrone Ranch,Uvalde,291.2,260.8,87,approx,
vcr,Verde Creek Ranch (China St),Kerr,250.7,233.7,22,approx,
bwr,Blue Wildebeest Ranch,Kerr,281.3,246.0,308,approx,
lat,Latham 1222 Ranch,Mason,323.9,268.4,1070,approx,
bkt,Bucket List Ranch,Edwards,410.3,339.0,380,exact,
jac,JA Canyon,Edwards,366.1,324.9,567,approx,
hlr,High Lonesome Ranch,Edwards,358.6,332.1,9,approx,
hh,The H & H Ranch,Edwards,449.1,399.5,118,approx,
wpt,Westpoint Ranch,Edwards,327.7,297.0,683,approx,
mni,M & I Ranch,Sutton,404.9,369.4,182,approx,
dd,Double D Ranch (KC 24),Kimble,330.3,311.5,171,approx,
jhr,Junction Hunting Ranch,Kimble,333.3,312.3,2436,approx,
k189,189 ac Kimble County (KC 3721),Kimble,338.2,310.3,27,exact,
bda,"Bois D"" Arc Ranch",Menard,357.0,334.1,314,approx,
dun,Duncan River Ranch,Menard,346.0,332.6,126,approx,
oak,Oak Ridge Ranch,Menard,349.8,283.4,890,approx,
fmm,Flying MMM on the Llano,Mason,321.1,262.7,191,approx,
ond,Ondine Ranch,Medina,253.7,220.1,7,exact,
mtt,Mt. Tremont Ranch,Medina,288.8,240.3,464,exact,
lvc,Lake View Canyon Ranch,Medina,238.3,212.9,270,approx,
boh,Bohnert River Ranch,Kendall,244.5,226.9,46,approx,
pal,Palmetto Creek Ranch,Kendall,252.6,217.8,1371,approx,
cwc,Cottonwood Creek Ranch,Blanco,215.0,193.5,6,approx,
vvr,Valley View Ranch,Blanco,212.4,184.8,342,approx,
cir,Circle A Ranch,Gillespie,278.6,251.2,766,approx,
brr,Barker-Rogers Ranch,Gillespie,282.6,247.7,301,exact,
ado,Adobe Springs Ranch,Gillespie,273.5,229.7,995,approx,
dout,Double Trouble Ranch,Real,295.5,282.4,656,exact,
dtp,Doe Trail Property,Real,297.8,277.4,1239,approx,
tris,"Triple 4""s Ranch",Real,349.8,307.9,23,exact,
tec,TECABOCA,Kerr,280.0,263.2,451,approx,
cro,138 ac Crosswater Ranch,Kerr,259.0,242.0,43,approx,
rivh,165 ac River House Ranch,Kerr,276.4,254.8,103,approx,
nor,North Ranch,Bandera,289.1,256.4,41,approx,
crog,33 ac Cross Gate Ranch,Bandera,261.0,237.8,5,approx,
swia,1456 ac Swiss Alps Ranch,Real,343.6,289.8,64,approx,
marc,Marler Creek Ranch,Bandera,296.8,268.3,67,approx,
kylr,334 Acres Kyle Ranch Road,Bandera,301.0,242.4,1030,approx,
kot,Koteras Ranch (150 ac),Bandera,224.0,207.6,73,approx,
kee,1029 ac Keeney Ranch,Real,297.9,283.9,1360,approx,
silc,Silver Creek Ranch,Kerr,255.4,238.6,142,approx,
axib,99 ac Axis Band Ranch,Kerr,349.6,302.7,1514,approx,
evac,Evans Creek Ranch,Bandera,317.1,267.5,296,approx,
ufc,Upper Fall Creek Ranch,Kerr,274.6,248.6,125,approx,
famc,The Falls at Mill Creek,Bandera,288.6,261.7,13,exact,
tce,Turtle Creek Estate,Kerr,278.2,244.8,258,approx,
jbr,J Bar River Ranch (45 ac),Kerr,297.1,263.9,213,approx,
eagr,Eagle Ridge Ranch,Kerr,265.3,241.8,50,approx,
jbr2,J Bar River Ranch (260 ac),Kerr,297.1,263.9,213,approx,
flym,Flying M Ranch,Gillespie,279.1,237.6,26,approx,
bur,207 ac Burnet (CR 963),Burnet,215.0,192.8,347,approx,
eags,Eagles Summit Ranch,Edwards,345.5,308.3,70,approx,
scs,Seco Creek Secret,Uvalde,269.2,244.9,465,approx,
dbd,D Bar D Ranch,Burnet,210.6,190.6,46,approx,
clo,709 Ranch (1972 Clover Ln),Menard,343.4,330.0,585,approx,
shu,Spring Hill Ranch (Utopia),Uvalde,302.7,251.8,255,approx,
ris,Riske Ranch,Burnet,241.8,218.7,1259,approx,
welr,Well Rock Ranch,Sutton,364.5,351.4,75,approx,
fn,#318 F5 North Ranch,Edwards,387.2,347.7,1274,approx,
fro,331 ac with CR 310 frontage,Edwards,407.2,338.1,471,exact,
jj,J-J Ranch,Mason,301.2,259.6,32,exact,
secc,Seco Creek Ranch (42 ac),Medina,269.4,241.7,161,approx,
cedc,75.86 ac on Cedar Creek,Kimble,315.5,294.6,711,approx,
mlbf,41.3 ac on the Main Llano (The Back Forty),Kimble,326.6,305.6,889,approx,
flys,Flying S 189 Ranch,Burnet,240.3,218.4,289,approx,
btc,1956 Bourbon St (Three Crosses Ranch),Kimble,328.0,278.2,16,approx,
cieg,Cielo Grande Ranch,Uvalde,297.3,259.9,400,approx,
mlya,82 ac on the Main Llano (Yates area),Kimble,336.0,313.0,2433,approx,
easv,East View Ranch,Medina,283.9,242.0,1026,approx,
fhe,Farmhouse Hill Estate,Burnet,229.8,199.0,134,approx,
arm,"62-Acre Ranch, Rio Medina",Medina,233.6,213.2,353,approx,
hmm,Hilltop Ranch (Mason Mountain),Mason,302.9,261.4,584,exact,
dosr,Dos Robles Ranch,Menard,324.8,312.7,7,approx,
redc,Red Creek Ranch,Kimble,335.5,291.1,245,approx,
elkm,Elk Mountain Ranch,Edwards,387.7,330.3,143,approx,
lonl,Lonestar Legacy Ranch,Edwards,378.8,330.8,97,approx,
exoo,Exotic Oak Ranch,Kimble,287.0,271.8,570,approx,
noxc,Noxville Creek Ranch,Kimble,281.0,265.8,167,approx,
brus,Brunkenhoefer Springs Ranch,Kimble,325.2,303.4,116,approx,
milc,Miller Creek Ranch,Edwards,349.4,303.7,81,exact,
may,Mayfield Ranch,Menard,325.9,270.2,111,approx,
nues,Nueces Springs Ranch,Uvalde,329.6,293.5,236,approx,
tur,Turner Ranch,Kimble,327.1,307.4,630,approx,
bigl,#1030 Big L Ranch,Edwards,376.4,334.2,265,approx,
jvj,J Vann Jones Ranch,Burnet,236.0,215.4,481,approx,
edwp,214 Acres Edwards County (Pannell),Edwards,396.8,335.4,97,approx,
oak2,146.89 Acres FM 2657 / CR 220 (Oakalla),Burnet,232.8,199.2,423,approx,
you,Young Ranch,Kimble,310.5,292.4,237,approx,
verc,Verde Creek Ranch,Medina,259.0,233.8,16,approx,
