id,url,matched,context,h1,status_marker,dead_words_outside_nav
fran,https://mikeandcodystexasranchsales.com/frances-creek-ranch/,Off Market,rch Menu Brokers Featured Properties Ranch Search Off Market Regions North Texas East Texas Hill Country Gulf,Frances Creek Ranch,,
cve,https://dullnigranches.com/property/65-acres-camp-verde-escape/,Sold,ie West Texas North-East Texas Live Water Hunting Sold Properties News Contact About Properties View All,65 Acres Camp Verde Escape Central-Hill Country Ranch for Sale in Bandera County,,
vmr,https://www.texaslandandranch.net/property/vista-madrone-ranch,Sold,"topia, TX --> Home Properties Map Search Recently Sold Other Listings Our Team Contact Us Vista Madrone",,,
bwr,https://republicranches.com/properties/texas/hill-country/blue-wildebeest-ranch/,Sold,ing Hunting Improvements Lake Live Water Wildlife Sold Properties SELL With Us About Marketing Our Team,Blue Wildebeest Ranch,,
lat,https://jacobylandco.com/pages/1222-ranch,Sold,Co - | / Save up to % Save % Save up to Save Sale Sold out In stock Menu Farm & Ranch Real Estate About,,,Sold
dd,https://www.bierschwalelandco.com/property/double-d-ranch-kc24,Sold,"tion 325-446-3052 325-446-3052 Menu Home For Sale Sold Our Team Services Contact Us Double D Ranch , kc2","Double D Ranch , kc24",,
k189,https://frazierranchsales.com/property/189-acres-kimble-county,Sold,--> Call Us Today 512-470-3219 Menu Home For Sale Sold About Us Partners Contact Us 189+/- acres Kimble,189+/- acres Kimble County,,
bda,https://robersonlandco.com/bois-d-arc-ranch,"ERR ('Connection aborted.', ConnectionResetError(104, 'Connection reset by peer'))",,,,
dun,https://robersonlandco.com/duncan-river-ranch,Sold,g &amp; Recreational Residential &amp; Commercial Sold Listings Buying Selling Our Team CONTACT More Hom,Duncan River Ranch,,Sold
fmm,https://dullnigranches.com/property/100-ac-flying-mmm-ranch/,Sold,ie West Texas North-East Texas Live Water Hunting Sold Properties News Contact About Properties View All,100 Acres Flying MMM On The Llano River Central-Hill Country Ranch for Sale in M,,
mtt,https://dullnigranches.com/property/200-acres-mt-tremont-ranch/,Sold,ie West Texas North-East Texas Live Water Hunting Sold Properties News Contact About Properties View All,200 Acres Mt. Tremont Ranch Central-Hill Country Ranch for Sale in Medina County,,
lvc,https://dullnigranches.com/property/248-acres-lake-view-canyon-ranch/,Sold,ie West Texas North-East Texas Live Water Hunting Sold Properties News Contact About Properties View All,248 Acres Lake View Canyon Ranch Central-Hill Country Ranch for Sale in Medina C,,
boh,https://www.texasranchesforsale.com/listings/kendall-county-bohnert-river-ranch-e-comfort-ranch-for-sale,SOLD,r custom home build or as a weekend retreat. JUST SOLD! Hackberry Road Ranch offers a turnkey opportunit,Bohnert River Ranch,Status For Sale,SOLD
pal,https://dullnigranches.com/property/72-acres-palmetto-creek-ranch/,Sold,ie West Texas North-East Texas Live Water Hunting Sold Properties News Contact About Properties View All,72 Acres Palmetto Creek Ranch Central-Hill Country Ranch for Sale in Kendall Cou,,
cir,https://www.texasranchesforsale.com/listings/gillespie-county-circle-a-ranch-n-of-kerrville-ranch-for-sale,SOLD,r custom home build or as a weekend retreat. JUST SOLD! Hackberry Road Ranch offers a turnkey opportunit,Circle A Ranch,SOLD,SOLD
brr,https://www.therenorealtygroup.com/properties/117-ac-barker-rogers-ranch,Sold,Land Development Commercial Listings Lot Listings Sold Listings About Us Our Story The Reno Realty Team,117 Ac. Barker-Rogers Ranch,,
ado,https://www.texasranchesforsale.com/listings/gillespie-county-adobe-springs-ranch-ne-fredericksburg-ranch-for-sale,SOLD,r custom home build or as a weekend retreat. JUST SOLD! Hackberry Road Ranch offers a turnkey opportunit,Adobe Springs Ranch,Status For Sale,SOLD
tec,https://dullnigranches.com/property/95%c2%b1-acres-tecaboca/,Sold,ie West Texas North-East Texas Live Water Hunting Sold Properties News Contact About Properties View All,"91.6 Acres TECABOCA Central-Hill Country Ranch for Sale in Kerr County, Texas",,
nor,https://www.texaslandandranch.net/property/north-ranch,Sold,"topia, TX --> Home Properties Map Search Recently Sold Other Listings Our Team Contact Us North Ranch $3",,,
kot,https://www.texaslandandranch.net/property/koteras-ranch,Sold,"topia, TX --> Home Properties Map Search Recently Sold Other Listings Our Team Contact Us Koteras Ranch",,,
silc,https://dullnigranches.com/property/182-acres-silver-creek-ranch/,Sold,ie West Texas North-East Texas Live Water Hunting Sold Properties News Contact About Properties View All,"182 Acres Silver Creek Ranch Central-Hill Country Ranch for Sale in Kerr County,",,
evac,https://www.texaslandandranch.net/property/evans-creek-ranch,Sold,"topia, TX --> Home Properties Map Search Recently Sold Other Listings Our Team Contact Us Evans Creek Ra",,,
ufc,https://dullnigranches.com/property/upperfallcreekranch/,Sold,ie West Texas North-East Texas Live Water Hunting Sold Properties News Contact About Properties View All,129.35 Acres Upper Fall Creek Ranch Central-Hill Country Ranch for Sale in Kerr ,,
jbr,https://dullnigranches.com/property/45-acres-j-bar-river-ranch/,Sold,ie West Texas North-East Texas Live Water Hunting Sold Properties News Contact About Properties View All,"45 Acres J Bar River Ranch Central-Hill Country Ranch for Sale in Kerr County, T",,
jbr2,https://dullnigranches.com/property/260-acres-j-bar-river-ranch/,Sold,ie West Texas North-East Texas Live Water Hunting Sold Properties News Contact About Properties View All,"260 Acres J Bar River Ranch Central-Hill Country Ranch for Sale in Kerr County, ",,
flym,https://republicranches.com/properties/texas/hill-country/flying-m-ranch/,Sold,ing Hunting Improvements Lake Live Water Wildlife Sold Properties SELL With Us About Marketing Our Team,Flying M Ranch,,
eags,https://republicranches.com/properties/eagle-summit-ranch/,Sold,ing Hunting Improvements Lake Live Water Wildlife Sold Properties SELL With Us About Marketing Our Team,Eagles Summit Ranch,,
clo,https://www.texasranchesforsale.com/listings/1972-clover-ln-menard-1994705,SOLD,r custom home build or as a weekend retreat. JUST SOLD! Hackberry Road Ranch offers a turnkey opportunit,1972 CLOVER LN,Listing Status Active,SOLD
ris,https://bartrealtyllc.com/estate_property/riske-ranch/,Sold,to content (833) 722-7873 Properties Our Listings Sold Properties About Marketing Bar-T Excavation Behin,Riske Ranch,Listing Status Active,Sold
welr,https://www.mmranchlandinvestments.com/mls/view/130164/3420-ne-county-road-2596-sonora-tx-76950,SOLD,anch Office Farm &amp; Ranch All Farm &amp; Ranch SOLD Properties Our Agents FAQ Contact 3420 NE County,"3420 NE County Rd 2596, Sonora, TX 76950 - MLS #130164",Status: Active,SOLD
secc,https://dullnigranches.com/property/42-acres-seco-creek-ranch/,Sold,ie West Texas North-East Texas Live Water Hunting Sold Properties News Contact About Properties View All,"42 Acres Seco Creek Ranch Central-Hill Country Ranch for Sale in Medina County, ",,
dosr,https://www.texasranchesforsale.com/listings/menard-county-dos-robles-ranch-s-of-menard-ranch-for-sale,SOLD,r custom home build or as a weekend retreat. JUST SOLD! Hackberry Road Ranch offers a turnkey opportunit,Dos Robles Ranch,Status For Sale,SOLD
brus,https://plumleyrealty.com/180-acres-junction-tx,"ERR ('Connection aborted.', ConnectionResetError(104, 'Connection reset by peer'))",,,,
milc,https://pannellrealestate.com/properties/id_18680853_camp_wood_61_acres.html,Sold,l Listings Acreage Hunting Homes Water Commercial Sold Listings Services Mortgage Calculator For Buyers,Pannell Real Estate&nbsp;,,
nues,https://dullnigranches.com/property/12-acres-nueces-springs-ranch/,Sold,ie West Texas North-East Texas Live Water Hunting Sold Properties News Contact About Properties View All,12 Acres Nueces Springs Ranch Central-Hill Country Ranch for Sale in Uvalde Coun,,
edwp,https://pannellrealestate.com/properties/mls_f124355_214_acres.html,Sold,l Listings Acreage Hunting Homes Water Commercial Sold Listings Services Mortgage Calculator For Buyers,Pannell Real Estate&nbsp;,,
verc,https://www.texasranchesforsale.com/listings/250-county-road-241-hondo-1991679,SOLD,r custom home build or as a weekend retreat. JUST SOLD! Hackberry Road Ranch offers a turnkey opportunit,250 County Road 241,Listing Status Active,SOLD
