id,name,broker,url,status,final_url,title,flags
rce,Rancho Cinco Estrella,Bownds Ranches,https://www.bowndsranches.com/texas-ranches-for-sale/rancho-cinco-estrella,200,https://www.bowndsranches.com/texas-ranches-for-sale/rancho-cinco-estrella,Rancho Cinco Estrella | Bownds Ranches: Find Your Texas Ranch Today,
bass,Bass & Hays Ranch,West and Swope Ranches,https://westandswoperanches.com/listing/Bass-and-Hays-Ranch/1030-owl-hollow-road-leakey-tx-78873/,403,https://westandswoperanches.com/listing/Bass-and-Hays-Ranch/1030-owl-hollow-road-leakey-tx-78873/,Just a moment...,http 403; thin page
fran,Frances Creek Ranch,Mike and Cody's Texas Ranch Sales,https://mikeandcodystexasranchsales.com/frances-creek-ranch/,200,https://mikeandcodystexasranchsales.com/371-acres-in-real-county-texas/,371 Acres in Real County TX | Hunting Ranch for Sale,redirected; dead/sold words near top
exh,Exotic Hills Ranch,Meek Ranch Sales,https://www.meekranchsales.com/all-properties/exotic-hills-ranch,200,https://www.meekranchsales.com/all-properties/exotic-hills-ranch,Exotic Hills Ranch | Meek Ranch Sales,
cbe,Canyon Breeze Estate,Alamo City Realty,https://www.alamocityrealty.com/listing-detail/1156783901/2027-Walter-White-Ranch-Road-Leakey-TX,218,https://www.alamocityrealty.com/listing-detail/1156783901/2027-Walter-White-Ranch-Road-Leakey-TX,,http 218
bull,Bullhead Creek Ranch,Texas Landmen,https://www.texaslandmen.com/listings/347-ac-bullhead-creek-ranch/,200,https://www.texaslandmen.com/listings/347-ac-bullhead-creek-ranch/,347 ac Bullhead Creek Ranch,
cve,Camp Verde Escape,Dullnig Ranches,https://dullnigranches.com/property/65-acres-camp-verde-escape/,200,https://dullnigranches.com/property/65-acres-camp-verde-escape/,65 Acres Camp Verde Escape | Hill Country Ranch for Sale | Dullnig Ranches,dead/sold words near top
wrr,West River Ranch,Bownds Ranches,https://www.bowndsranches.com/texas-ranches-for-sale/west-river-ranch,200,https://www.bowndsranches.com/texas-ranches-for-sale/west-river-ranch,West River Ranch | Bownds Ranches: Find Your Texas Ranch Today,
mof,Moffett Ridge Ranch,Texas Ranch Sales LLC,https://texasranchsalesllc.com/property/moffett-ridge-ranch-62-acres-bandera-county-texas/,200,https://texasranchsalesllc.com/property/moffett-ridge-ranch-62-acres-bandera-county-texas/,"Moffett Ridge Ranch - Texas Ranch Sales, LLC",
vmr,Vista Madrone Ranch,Texas Land & Ranch Co,https://www.texaslandandranch.net/property/vista-madrone-ranch,200,https://www.texaslandandranch.net/property/vista-madrone-ranch,"Vista Madrone Ranch - Texas Land and Ranch Co |Morris Killough | Utopia, TX",dead/sold words near top
vcr,Verde Creek Ranch (China St),Meek Ranch Sales,https://www.meekranchsales.com/all-properties/verde-creek-ranch/,200,https://www.meekranchsales.com/all-properties/verde-creek-ranch/,Verde Creek Ranch | Meek Ranch Sales,
bwr,Blue Wildebeest Ranch,Republic Ranches,https://republicranches.com/properties/texas/hill-country/blue-wildebeest-ranch/,200,https://republicranches.com/properties/texas/hill-country/blue-wildebeest-ranch/,"Blue Wildebeest Ranch - Kerr County, TX Ranch For Sale | Republic Ranches",dead/sold words near top
lat,Latham 1222 Ranch,Jacoby Land Co.,https://jacobylandco.com/pages/1222-ranch,200,https://jacobylandco.com/pages/1222-ranch,1222 Ranch - Jacoby Land Co,dead/sold words near top
bkt,Bucket List Ranch,Whitetail Properties,https://www.whitetailproperties.com/hunting-land/texas/edwards/edwards-525-armstrong,200,https://www.whitetailproperties.com/hunting-land/texas/edwards/edwards-525-armstrong,Bucket List Ranch | Whitetail Properties,
jac,JA Canyon,Western Hill Country Realty,https://westernhillcountryrealty.com/api/listings/ja-canyon,200,https://westernhillcountryrealty.com/api/listings/ja-canyon,JA Canyon | Western Hill Country Realty,
hlr,High Lonesome Ranch,Western Hill Country Realty,https://westernhillcountryrealty.com/api/listings/high-lonesome-ranch,200,https://westernhillcountryrealty.com/api/listings/high-lonesome-ranch,High Lonesome Ranch | Western Hill Country Realty,
hh,The H & H Ranch,Simpson Ranches & Land,https://simpsonranches.com/listings/the-h-&-h-ranch-ranch-for-sale,200,https://simpsonranches.com/listings/the-h-&-h-ranch-ranch-for-sale,"The H &amp; H Ranch For Sale in Edwards County, Texas | Simpson Ranches &amp; Land",thin page
wpt,Westpoint Ranch,Texas Landmen,https://www.texaslandmen.com/listings/435.537-ac-rancho-vista-ranch/,200,https://www.texaslandmen.com/listings/435.537-ac-rancho-vista-ranch/,435.537 ac Westpoint Ranch,
mni,M & I Ranch,United Country Ranch Properties (Hudson),https://ucranchesforsale.com/property/m-i-ranch-622-acre-hunting-retreat-in-the-texas-hill-country/,200,https://ucranchesforsale.com/property/m-i-ranch-622-acre-hunting-retreat-in-the-texas-hill-country/,M &amp; I Ranch - 622-Acre Hunting Retreat in the Texas Hill Country | UCRP,
dd,Double D Ranch (KC 24),Bierschwale Land Company,https://www.bierschwalelandco.com/property/double-d-ranch-kc24,200,https://www.bierschwalelandco.com/property/double-d-ranch-kc24,"Double D Ranch , kc24 - Bierschwale Land Company",dead/sold words near top
jhr,Junction Hunting Ranch,Ahern Ranch Sales,https://www.ahernranches.com/property/junction-hunting-ranch,200,https://www.ahernranches.com/property/junction-hunting-ranch,Junction Hunting Ranch - Ahern Ranches | Premium Texas Ranches,
k189,189 ac Kimble County (KC 3721),Frazier Ranch Sales,https://frazierranchsales.com/property/189-acres-kimble-county,200,https://frazierranchsales.com/property/189-acres-kimble-county,189+/- acres Kimble County - Frazier Ranch Sales,dead/sold words near top
bda,Bois D' Arc Ranch,Roberson Land Company,https://robersonlandco.com/bois-d-arc-ranch,200,https://robersonlandco.com/bois-d-arc-ranch,Bois D&#x27; Arc Ranch,dead/sold words near top
dun,Duncan River Ranch,Roberson Land Company,https://robersonlandco.com/duncan-river-ranch,200,https://robersonlandco.com/duncan-river-ranch,Duncan River Ranch,dead/sold words near top
oak,Oak Ridge Ranch,Texas Landmen,https://www.texaslandmen.com/listings/138.61-ac-oak-ridge-ranch/,200,https://www.texaslandmen.com/listings/138.61-ac-oak-ridge-ranch/,138.61 ac Oak Ridge Ranch,
fmm,Flying MMM on the Llano,Dullnig Ranches,https://dullnigranches.com/property/100-ac-flying-mmm-ranch/,200,https://dullnigranches.com/property/100-ac-flying-mmm-ranch/,100 Acres Flying MMM On The Llano River | Hill Country Ranch for Sale | Dullnig Ranches,dead/sold words near top
ond,Ondine Ranch,Long Properties,https://www.stephenlongproperties.com/farms-ranches,200,https://www.stephenlongproperties.com/farms-ranches,Farms &amp; Ranches | site,
mtt,Mt. Tremont Ranch,Dullnig Ranches,https://dullnigranches.com/property/200-acres-mt-tremont-ranch/,200,https://dullnigranches.com/property/200-acres-mt-tremont-ranch/,200 Acres Mt. Tremont Ranch | Hill Country Ranch for Sale | Dullnig Ranches,dead/sold words near top
lvc,Lake View Canyon Ranch,Dullnig Ranches,https://dullnigranches.com/property/248-acres-lake-view-canyon-ranch/,200,https://dullnigranches.com/property/248-acres-lake-view-canyon-ranch/,248 Acres Lake View Canyon Ranch | Hill Country Ranch for Sale | Dullnig Ranches,dead/sold words near top
boh,Bohnert River Ranch,Texas Ranches For Sale,https://www.texasranchesforsale.com/listings/kendall-county-bohnert-river-ranch-e-comfort-ranch-for-sale,200,https://www.texasranchesforsale.com/listings/kendall-county-bohnert-river-ranch-e-comfort-ranch-for-sale,Kendall County | Bohnert River Ranch | E of Comfort | Texas Ranches For Sale,dead/sold words near top
pal,Palmetto Creek Ranch,Dullnig Ranches,https://dullnigranches.com/property/72-acres-palmetto-creek-ranch/,200,https://dullnigranches.com/property/72-acres-palmetto-creek-ranch/,72 Acres Palmetto Creek Ranch | Hill Country Ranch for Sale | Dullnig Ranches,dead/sold words near top
cwc,Cottonwood Creek Ranch,West and Swope Ranches,https://westandswoperanches.com/listing/cottonwood-creek/242-model-t-road-blanco-tx-78606/,403,https://westandswoperanches.com/listing/cottonwood-creek/242-model-t-road-blanco-tx-78606/,Just a moment...,http 403; thin page
vvr,Valley View Ranch,Anders Ranch Realty,https://andersranchrealty.com/valley-view-ranch-blanco-county/,200,https://andersranchrealty.com/valley-view-ranch-blanco-county/,VALLEY VIEW RANCH | Blanco County | Anders Ranch Realty Fine Texas Properties,
cir,Circle A Ranch,Texas Ranches For Sale,https://www.texasranchesforsale.com/listings/gillespie-county-circle-a-ranch-n-of-kerrville-ranch-for-sale,200,https://www.texasranchesforsale.com/listings/gillespie-county-circle-a-ranch-n-of-kerrville-ranch-for-sale,Gillespie County | Circle A Ranch | N of Kerrville | Texas Ranches For Sale,dead/sold words near top
brr,Barker-Rogers Ranch,The Reno Realty Group,https://www.therenorealtygroup.com/properties/117-ac-barker-rogers-ranch,200,https://www.therenorealtygroup.com/properties/117-ac-barker-rogers-ranch,117 Ac. Barker-Rogers Ranch | The Reno Realty Group,dead/sold words near top
ado,Adobe Springs Ranch,Texas Ranches For Sale,https://www.texasranchesforsale.com/listings/gillespie-county-adobe-springs-ranch-ne-fredericksburg-ranch-for-sale,200,https://www.texasranchesforsale.com/listings/gillespie-county-adobe-springs-ranch-ne-fredericksburg-ranch-for-sale,Gillespie County | Adobe Springs Ranch | NE of Fredericksburg | Texas Ranches For Sale,dead/sold words near top
dout,Double Trouble Ranch,Meek Ranch Sales,https://www.meekranchsales.com/all-properties/double-trouble-ranch,200,https://www.meekranchsales.com/all-properties/double-trouble-ranch,Double Trouble Ranch | Meek Ranch Sales,
dtp,Doe Trail Property,Land & Ranch Realty (Lem Lewis),https://www.landandranchrealty.com/257-acres.html,200,https://www.landandranchrealty.com/401/login.php?redirect=/257-acres.html,This area is password protected [401],redirected; thin page
tris,Triple 4's Ranch,Meek Ranch Sales,https://www.meekranchsales.com/all-properties/triple-4s-ranch,200,https://www.meekranchsales.com/all-properties/triple-4s-ranch,Triple 4&#039;s Ranch | Meek Ranch Sales,
tec,TECABOCA,Dullnig Ranches / Kuper Sotheby's,https://dullnigranches.com/property/95%c2%b1-acres-tecaboca/,200,https://dullnigranches.com/property/95%C2%B1-acres-tecaboca/,91.6 Acres TECABOCA | Hill Country Ranch for Sale | Dullnig Ranches,redirected; dead/sold words near top
cro,138 ac Crosswater Ranch,Texas Landmen,https://www.texaslandmen.com/listings/138-ac-crosswater-ranch/,200,https://www.texaslandmen.com/listings/138-ac-crosswater-ranch/,138 ac Crosswater Ranch,
rivh,165 ac River House Ranch,Texas Landmen,https://www.texaslandmen.com/listings/165-ac-river-house-ranch/,200,https://www.texaslandmen.com/listings/165-ac-river-house-ranch/,165 ac River House Ranch,
nor,North Ranch,Texas Land & Ranch Co (BHHS Hill Country Properties),https://www.texaslandandranch.net/property/north-ranch,200,https://www.texaslandandranch.net/property/north-ranch,"North Ranch - Texas Land and Ranch Co |Morris Killough | Utopia, TX",dead/sold words near top
crog,33 ac Cross Gate Ranch,Texas Landmen,https://www.texaslandmen.com/listings/33-ac-cross-gate-ranch/,200,https://www.texaslandmen.com/listings/33-ac-cross-gate-ranch/,33 ac Cross Gate Ranch,
swia,1456 ac Swiss Alps Ranch,Texas Landmen,https://www.texaslandmen.com/listings/1456-ac-swiss-alps-ranch/,200,https://www.texaslandmen.com/listings/1456-ac-swiss-alps-ranch/,1456 ac Swiss Alps Ranch,
marc,Marler Creek Ranch,Bownds Ranches,https://www.bowndsranches.com/texas-ranches-for-sale/marler-creek-ranch,200,https://www.bowndsranches.com/texas-ranches-for-sale/marler-creek-ranch,Marler Creek Ranch | Bownds Ranches: Find Your Texas Ranch Today,
kylr,334 Acres Kyle Ranch Road,Shipley Ranches,https://www.shipleyranches.com/property/334-acres-in-bandera-county-incredible-views,200,https://www.shipleyranches.com/property/334-acres-in-bandera-county-incredible-views,334 +/- Acres in Bandera County - Incredible Views! - Shipley Ranches,
kot,Koteras Ranch (150 ac),Texas Land & Ranch Co (BHHS Hill Country Properties),https://www.texaslandandranch.net/property/koteras-ranch,200,https://www.texaslandandranch.net/property/koteras-ranch,"Koteras Ranch - Texas Land and Ranch Co |Morris Killough | Utopia, TX",dead/sold words near top
kee,1029 ac Keeney Ranch,Texas Landmen,https://www.texaslandmen.com/listings/1029-ac-keeney-ranch/,200,https://www.texaslandmen.com/listings/1029-ac-keeney-ranch/,1029 ac Keeney Ranch,
silc,Silver Creek Ranch,Dullnig Ranches,https://dullnigranches.com/property/182-acres-silver-creek-ranch/,200,https://dullnigranches.com/property/182-acres-silver-creek-ranch/,182 Acres Silver Creek Ranch | Hill Country Ranch for Sale | Dullnig Ranches,dead/sold words near top
axib,99 ac Axis Band Ranch,Texas Landmen,https://www.texaslandmen.com/listings/99-ac-axis-band-ranch/,200,https://www.texaslandmen.com/listings/99-ac-axis-band-ranch/,99 ac Axis Band Ranch,
evac,Evans Creek Ranch,Texas Land & Ranch Co (BHHS Hill Country Properties),https://www.texaslandandranch.net/property/evans-creek-ranch,200,https://www.texaslandandranch.net/property/evans-creek-ranch,"Evans Creek Ranch - Texas Land and Ranch Co |Morris Killough | Utopia, TX",dead/sold words near top
ufc,Upper Fall Creek Ranch,Dullnig Ranches / Kuper Sotheby's,https://dullnigranches.com/property/upperfallcreekranch/,200,https://dullnigranches.com/property/upperfallcreekranch/,129.35 Acres Upper Fall Creek Ranch | Hill Country Ranch for Sale | Dullnig Ranches,dead/sold words near top
famc,The Falls at Mill Creek,Bownds Ranches,https://www.bowndsranches.com/texas-ranches-for-sale/the-falls-at-mill-creek,200,https://www.bowndsranches.com/texas-ranches-for-sale/the-falls-at-mill-creek,The Falls at Mill Creek | Bownds Ranches: Find Your Texas Ranch Today,
tce,Turtle Creek Estate,Meek Ranch Sales,https://www.meekranchsales.com/all-properties/turtle-creek-estate,200,https://www.meekranchsales.com/all-properties/turtle-creek-estate,Turtle Creek Estate | Meek Ranch Sales,
jbr,J Bar River Ranch (45 ac),Dullnig Ranches / Kuper Sotheby's,https://dullnigranches.com/property/45-acres-j-bar-river-ranch/,200,https://dullnigranches.com/property/45-acres-j-bar-river-ranch/,45 Acres J Bar River Ranch | Hill Country Ranch for Sale | Dullnig Ranches,dead/sold words near top
eagr,Eagle Ridge Ranch,Meek Ranch Sales,https://www.meekranchsales.com/all-properties/eagle-ridge-ranch,200,https://www.meekranchsales.com/all-properties/eagle-ridge-ranch,Eagle Ridge Ranch | Meek Ranch Sales,
jbr2,J Bar River Ranch (260 ac),Dullnig Ranches / Kuper Sotheby's,https://dullnigranches.com/property/260-acres-j-bar-river-ranch/,200,https://dullnigranches.com/property/260-acres-j-bar-river-ranch/,260 Acres J Bar River Ranch | Hill Country Ranch for Sale | Dullnig Ranches,dead/sold words near top
flym,Flying M Ranch,Republic Ranches,https://republicranches.com/properties/texas/hill-country/flying-m-ranch/,200,https://republicranches.com/properties/texas/hill-country/flying-m-ranch/,"Flying M Ranch - Gillespie County, TX Ranch For Sale | Republic Ranches",dead/sold words near top
bur,207 ac Burnet (CR 963),Shipley Ranches,https://shipleyranches.com/property/207-ac-burnet-tx-water-topography-trees,200,https://www.shipleyranches.com/property/207-ac-burnet-tx-water-topography-trees,"207+/-AC Burnet, TX - Water, Topography, Trees! - Shipley Ranches",redirected
eags,Eagles Summit Ranch,Republic Ranches,https://republicranches.com/properties/eagle-summit-ranch/,200,https://republicranches.com/properties/texas/hill-country/eagle-summit-ranch/,Eagles Summit Ranch | Hill Country Retreat Property for Sale,redirected; dead/sold words near top
scs,Seco Creek Secret,Utopia Ranch Realty,https://utopiaranchrealty.com/property/seco-creek-secret-uvalde-texas/42744/,200,https://utopiaranchrealty.com/property/seco-creek-secret-uvalde-texas/42744/,"Seco Creek Secret | Uvalde County | Tarpley, TX",
dbd,D Bar D Ranch,Shipley Ranches,https://shipleyranches.com/property/d-bar-d-ranch-livewater-creek-and-stone-home,200,https://www.shipleyranches.com/property/d-bar-d-ranch-livewater-creek-and-stone-home,D Bar D Ranch - Livewater Creek and Stone Home! - Shipley Ranches,redirected
clo,709 Ranch (1972 Clover Ln),Texas Ranches For Sale / Homestead & Ranch,https://www.texasranchesforsale.com/listings/1972-clover-ln-menard-1994705,200,https://www.texasranchesforsale.com/listings/1972-clover-ln-menard-1994705,Menard County | 1972 CLOVER LN | | Texas Ranches For Sale,dead/sold words near top
shu,Spring Hill Ranch (Utopia),Bownds Ranches,https://www.bowndsranches.com/texas-ranches-for-sale/spring-hill-ranch,200,https://www.bowndsranches.com/texas-ranches-for-sale/spring-hill-ranch,Spring Hill Ranch | Bownds Ranches: Find Your Texas Ranch Today,
ris,Riske Ranch,"Bar T Realty, LLC",https://bartrealtyllc.com/estate_property/riske-ranch/,200,https://bartrealtyllc.com/estate_property/riske-ranch/,"Riske Ranch | 165-Acre Hunting Ranch in Lampasas County, Texas - Bar T Realty",dead/sold words near top
welr,Well Rock Ranch,United Country M&M Ranch Land Investments,https://www.mmranchlandinvestments.com/mls/view/130164/3420-ne-county-road-2596-sonora-tx-76950,200,https://www.mmranchlandinvestments.com/mls/view/130164/3420-ne-county-road-2596-sonora-tx-76950,"3420 NE County Rd 2596, Sonora, TX 76950 - MLS #130164 :: M&amp;M Ranch Land Investments",dead/sold words near top
fn,#318 F5 North Ranch,Western Hill Country Realty,https://www.westernhillcountryrealty.com/api/listings/f5-north-ranch,200,https://www.westernhillcountryrealty.com/api/listings/f5-north-ranch,F5 North Ranch | Western Hill Country Realty,
fro,331 ac with CR 310 frontage,Whitetail Properties,https://www.whitetailproperties.com/hunting-land/texas/edwards/331-acres-in-edwards-county-with-county-road-310-frontage,200,https://www.whitetailproperties.com/hunting-land/texas/edwards/331-acres-in-edwards-county-with-county-road-310-frontage,±331 Acres In Edwards County With County Road 310 Frontage | Whitetail Properties,
jj,J-J Ranch,Whitetail Properties Real Estate,https://www.whitetailproperties.com/hunting-land/texas/mason/bellows-mason-532,200,https://www.whitetailproperties.com/hunting-land/texas/mason/bellows-mason-532,J-J Ranch | Whitetail Properties,
secc,Seco Creek Ranch (42 ac),Dullnig Ranches / Kuper Sotheby's,https://dullnigranches.com/property/42-acres-seco-creek-ranch/,200,https://dullnigranches.com/property/42-acres-seco-creek-ranch/,42 Acres Seco Creek Ranch | Hill Country Ranch for Sale | Dullnig Ranches,dead/sold words near top
cedc,75.86 ac on Cedar Creek,Kothmann Real Estate,https://kothmannrealestate.com/1-99-acres/75-86-acres/,200,https://kothmannrealestate.com/1-99-acres/75-86-acres/,75.86 Acres | Kothmann Real Estate,
mlbf,41.3 ac on the Main Llano (The Back Forty),Kothmann Real Estate,https://kothmannrealestate.com/1-99-acres/41-3-acres-2/,200,https://kothmannrealestate.com/1-99-acres/41-3-acres-2/,41.3 Acres | Kothmann Real Estate,
flys,Flying S 189 Ranch,Texas Ranch Brokers,https://txranchbrokers.com/property/flying-s-189-ranch,ERR,,,"HTTPSConnectionPool(host='www.txranchbrokers.com', port=443): Max retries exceeded with url: /proper"
btc,1956 Bourbon St (Three Crosses Ranch),Homestead & Ranch Real Estate,https://www.homesteadandranch.com/listing-detail/1185944623/1956-Bourbon-St.-London-TX,218,https://www.homesteadandranch.com/listing-detail/1185944623/1956-Bourbon-St.-London-TX,,http 218
cieg,Cielo Grande Ranch,Garrett Realty,https://garrettrealty.net/properties,200,https://garrettrealty.net/properties,Properties,
mlya,82 ac on the Main Llano (Yates area),Kothmann Real Estate,https://kothmannrealestate.com/82-acres/,200,https://kothmannrealestate.com/82-acres/,82 Acres | Kothmann Real Estate,
easv,East View Ranch,Texas Landmen,https://www.texaslandmen.com/listings/117-ac-east-view-ranch/,200,https://www.texaslandmen.com/listings/117-ac-east-view-ranch/,117 ac East View Ranch,
fhe,Farmhouse Hill Estate,Texas Landmen,https://www.texaslandmen.com/listings/86-ac-farmhouse-hill-estate/,200,https://www.texaslandmen.com/listings/86-ac-farmhouse-hill-estate/,86 ac Farmhouse Hill Estate,
arm,"62-Acre Ranch, Rio Medina",J. Gruber Properties,https://jgruberproperties.com/listing/62-acre-ranch/,200,https://jgruberproperties.com/listing/62-acre-ranch/,62 Acre Ranch - J. Gruber Properties,
hmm,Hilltop Ranch (Mason Mountain),Southern Ranch Sales (Phyllis Browning Land & Ranch Co),https://southernranchsales.com/listing/8324/7487-north-us-highway-87-mason-tx-76856/,ERR,,,"HTTPSConnectionPool(host='www.southernranchsales.com', port=443): Max retries exceeded with url: /li"
dosr,Dos Robles Ranch,Texas Ranches For Sale,https://www.texasranchesforsale.com/listings/menard-county-dos-robles-ranch-s-of-menard-ranch-for-sale,200,https://www.texasranchesforsale.com/listings/menard-county-dos-robles-ranch-s-of-menard-ranch-for-sale,Menard County | Dos Robles Ranch | S of Menard | Texas Ranches For Sale,dead/sold words near top
redc,Red Creek Ranch,Texas Landmen,https://www.texaslandmen.com/listings/627-ac-red-creek-ranch/,200,https://www.texaslandmen.com/listings/627-ac-red-creek-ranch/,627 ac Red Creek Ranch,
elkm,Elk Mountain Ranch,Texas Landmen,https://www.texaslandmen.com/listings/1336-ac-elk-mountain-ranch/,200,https://www.texaslandmen.com/listings/1336-ac-elk-mountain-ranch/,1336 ac Elk Mountain Ranch,
lonl,Lonestar Legacy Ranch,Texas Landmen,https://www.texaslandmen.com/listings/271-ac-lonestar-legacy-ranch/,200,https://www.texaslandmen.com/listings/271-ac-lonestar-legacy-ranch/,271 ac Lonestar Legacy Ranch,
exoo,Exotic Oak Ranch,Texas Landmen,https://www.texaslandmen.com/listings/200-ac-exotic-oak-ranch/,200,https://www.texaslandmen.com/listings/200-ac-exotic-oak-ranch/,200 ac Exotic Oak Ranch,
noxc,Noxville Creek Ranch,Texas Landmen,https://www.texaslandmen.com/listings/6574-ac-noxville-creek-ranch/,200,https://www.texaslandmen.com/listings/6574-ac-noxville-creek-ranch/,65.74 ac Noxville Creek Ranch,
brus,Brunkenhoefer Springs Ranch,Plumley Realty,https://plumleyrealty.com/180-acres-junction-tx,200,https://plumleyrealty.com/180-acres-junction-tx,180 acres Junction TX | Plumley Realty,dead/sold words near top
milc,Miller Creek Ranch,Pannell Real Estate,https://pannellrealestate.com/properties/id_18680853_camp_wood_61_acres.html,200,https://pannellrealestate.com/properties/id_18680853_camp_wood_61_acres.html,Pannell Real Estate - Texas Hill Country Realtors,dead/sold words near top
may,Mayfield Ranch,Texas Landmen,https://www.texaslandmen.com/listings/193-ac-mayfield-ranch/,200,https://www.texaslandmen.com/listings/193-ac-mayfield-ranch/,193 ac Mayfield Ranch,
nues,Nueces Springs Ranch,Dullnig Ranches / Kuper Sotheby's,https://dullnigranches.com/property/12-acres-nueces-springs-ranch/,200,https://dullnigranches.com/property/12-acres-nueces-springs-ranch/,12 Acres Nueces Springs Ranch | Hill Country Ranch for Sale | Dullnig Ranches,dead/sold words near top
tur,Turner Ranch,Meek Ranch Sales,https://www.meekranchsales.com/all-properties/turner-ranch,200,https://www.meekranchsales.com/all-properties/turner-ranch,Turner Ranch | Meek Ranch Sales,
bigl,#1030 Big L Ranch,Western Hill Country Realty,https://www.westernhillcountryrealty.com/api/listings/big-l-ranch,200,https://www.westernhillcountryrealty.com/api/listings/big-l-ranch,Big L Ranch | Western Hill Country Realty,
jvj,J Vann Jones Ranch,Texas Ranch Brokers,https://txranchbrokers.com/property/j-vann-jones-ranch,ERR,,,"HTTPSConnectionPool(host='www.txranchbrokers.com', port=443): Max retries exceeded with url: /proper"
edwp,214 Acres Edwards County (Pannell),Pannell Real Estate,https://pannellrealestate.com/properties/mls_f124355_214_acres.html,200,https://pannellrealestate.com/properties/mls_f124355_214_acres.html,Pannell Real Estate - Texas Hill Country Realtors,dead/sold words near top
oak2,146.89 Acres FM 2657 / CR 220 (Oakalla),Shipley Ranches,https://www.shipleyranches.com/property/146-89-acres-in-burnet-county-texas,404,https://www.shipleyranches.com/property/146-89-acres-in-burnet-county-texas,Page not found - Shipley Ranches,http 404; title: Page not found - Shipley Ranches
you,Young Ranch,SLH Ranch & Land Group (relisted; Texas Ranch Sales page gone),https://www.land.com/Junction-TX/all-land/has-house/,403,https://www.land.com/Junction-TX/all-land/has-house/,Access Denied,http 403
verc,Verde Creek Ranch,Texas Ranches For Sale,https://www.texasranchesforsale.com/listings/250-county-road-241-hondo-1991679,200,https://www.texasranchesforsale.com/listings/250-county-road-241-hondo-1991679,Medina County | 250 County Road 241 | | Texas Ranches For Sale,dead/sold words near top
